FirstName,LastName
John,Smith
Jane,Doe
Michael,Johnson
Emily,Williams
Chris,Brown
Sarah,Jones
David,Garcia
Ashley,Miller
James,Davis
Jessica,Rodriguez
Robert,Martinez
Jennifer,Hernandez
William,Lopez
Linda,Gonzalez
Mason,Wilson
Elizabeth,Anderson
David,Thomas
Barbara,Taylor
Richard,Moore
Susan,Jackson
Joseph,Martin
Jessica,Lee
Thomas,Perez
Sarah,Thompson
Charles,White
Karen,Harris
Christopher,Sanchez
Nancy,Clark
Daniel,Ramirez
Lisa,Lewis
Matthew,Robinson
Betty,Walker
Anthony,Young
Margaret,Allen
Mark,King
Sandra,Wright
Donald,Scott
Ashley,Torres
Steven,Nguyen
Kimberly,Hill
Paul,Flores
Donna,Green
Andrew,Adams
Michelle,Nelson
Joshua,Baker
Dorothy,Hall
Kenneth,Rivera
Carol,Campbell
Kevin,Mitchell
Amanda,Carter
Brian,Roberts
Melissa,Gomez
George,Phillips
Deborah,Evans
Timothy,Turner
Stephanie,Diaz
Ronald,Parker
Rebecca,Cruz
Edward,Edwards
Laura,Collins
Jason,Reyes
Sharon,Stewart
Jeffrey,Morris
Cynthia,Morales
Ryan,Murphy
Kathleen,Cook
Jacob,Rogers
Amy,Gutierrez
Gary,Ortiz
Shirley,Morgan
Nicholas,Cooper
Angela,Peterson
Eric,Bailey
Anna,Reed
Jonathan,Kelly
Brenda,Howard
Stephen,Ramos
Pamela,Kim
Larry,Cox
Nicole,Ward
Justin,Richardson
Christine,Watson
Scott,Brooks
Samantha,Chavez
Brandon,Wood
Catherine,James
Benjamin,Bennett
Debra,Gray
Samuel,Mendoza
Rachel,Ruiz
Gregory,Hughes
Carolyn,Price
Alexander,Alvarez
Janet,Castillo
Patrick,Sanders
Maria,Patel
Frank,Myers
Heather,Long
Raymond,Ross
Diane,Foster
